person,is
DayShreyas,yes
DayShreyas,yes
DayShreyas,yes
DayShreyas,yes
DayShreyas,yes
DayShreyas,yes
DayShreyas,yes
DayShreyas,yes
DayShreyas,yes
DayShreyas,yes
DayShreyas,yes
DayShreyas,yes
DayShreyas,yes
DayShreyas,yes
DayShreyas,yes
DayShreyas,yes
DayShreyas,yes
DayShreyas,yes
DayShreyas,yes
DayShreyas,yes
DayShreyas,yes
DayShreyas,yes
DayShreyas,yes
DayShreyas,yes
DayShreyas,yes
unknown99,no
DayShreyas,yes
DayShreyas,yes
DayShreyas,yes
unknown99,no
DayShreyas,yes
DayShreyas,yes
DayShreyas,yes
DayShreyas,yes
unknown99,no
unknown99,no
DayShreyas,yes
unknown99,no
DayShreyas,yes
unknown99,no
DayShreyas,yes
DayShreyas,yes
DayShreyas,yes
DayShreyas,yes
DayShreyas,yes
DayShreyas,yes
DayShreyas,yes
DayShreyas,yes
DayShreyas,yes
DayShreyas,yes
DayShreyas,yes
DayShreyas,yes
DayShreyas,yes
DayShreyas,yes
DayShreyas,yes
unknown99,no
DayShreyas,yes
unknown99,no
DayShreyas,yes
DayShreyas,yes
DayShreyas,yes
DayShreyas,yes
DayShreyas,yes
DayShreyas,yes
DayShreyas,yes
DayShreyas,yes
DayShreyas,yes
DayShreyas,yes
DayShreyas,yes
DayShreyas,yes
DayShreyas,yes
DayShreyas,yes
DayShreyas,yes
DayShreyas,yes
DayShreyas,yes
DayShreyas,yes
DayShreyas,yes
DayShreyas,yes
DayShreyas,yes
unknown99,no
unknown99,no
unknown99,no
unknown99,no
unknown99,no
unknown99,no
DayShreyas,yes
DayShreyas,yes
DayShreyas,yes
DayShreyas,yes
DayShreyas,yes
unknown99,no
unknown99,no
unknown99,no
unknown99,no
unknown99,no
unknown99,no
unknown99,no
unknown99,no
unknown99,no
unknown99,no
DayShreyas,yes
DayShreyas,yes
DayShreyas,yes
DayShreyas,yes
DayShreyas,yes
DayShreyas,yes
DayShreyas,yes
DayShreyas,yes
DayShreyas,yes
DayShreyas,yes
DayShreyas,yes
DayShreyas,yes
DayShreyas,yes
DayShreyas,yes
DayShreyas,yes
DayShreyas,yes
DayShreyas,yes
DayShreyas,yes
DayShreyas,yes
DayShreyas,yes
DayShreyas,yes
DayShreyas,yes
DayShreyas,yes
unknown99,no
unknown99,no
DayShreyas,yes
DayShreyas,yes
unknown99,no
unknown99,no
unknown99,no
unknown99,no
unknown99,no
DayShreyas,yes
DayShreyas,yes
unknown99,no
DayShreyas,yes
DayShreyas,yes
DayShreyas,yes
DayShreyas,yes
DayShreyas,yes
DayShreyas,yes
unknown99,no
DayShreyas,yes
DayShreyas,yes
DayShreyas,yes
unknown99,no
unknown99,no
DayShreyas,yes
DayShreyas,yes
DayShreyas,yes
DayShreyas,yes
DayShreyas,yes
DayShreyas,yes
DayShreyas,yes
DayShreyas,yes
DayShreyas,yes
DayShreyas,yes
DayShreyas,yes
DayShreyas,yes
DayShreyas,yes
DayShreyas,yes
DayShreyas,yes
unknown99,no
unknown99,no
unknown99,no
unknown99,no
unknown99,no
unknown99,no
unknown99,no
unknown99,no
unknown99,no
unknown99,no
DayShreyas,yes
unknown99,no
DayShreyas,yes
DayShreyas,yes
DayShreyas,yes
DayShreyas,yes
DayShreyas,yes
DayShreyas,yes
DayShreyas,yes
DayShreyas,yes
DayShreyas,yes
DayShreyas,yes
DayShreyas,yes
DayShreyas,yes
unknown99,no
unknown99,no
unknown99,no
DayShreyas,yes
DayShreyas,yes
DayShreyas,yes
DayShreyas,yes
DayShreyas,yes
DayShreyas,yes
DayShreyas,yes
DayShreyas,yes
unknown99,no
DayShreyas,yes
DayShreyas,yes
DayShreyas,yes
DayShreyas,yes
DayShreyas,yes
DayShreyas,yes
DayShreyas,yes
DayShreyas,yes
unknown99,no
DayShreyas,yes
DayShreyas,yes
DayShreyas,yes
DayShreyas,yes
DayShreyas,yes
DayShreyas,yes
DayShreyas,yes
DayShreyas,yes
DayShreyas,yes
DayShreyas,yes
DayShreyas,yes
DayShreyas,yes
DayShreyas,yes
DayShreyas,yes
DayShreyas,yes
